mutant-id|timeToExecute|0-passes a basic sanity check|1-allows namespaces to be a non-string value|2-honors global debug namespace enable calls|3-uses custom log function|4-should extend namespace|5-should extend namespace with custom delimiter|6-should extend namespace with empty delimiter
MUTANT 3|1202ms|1|1|1|1|1|1|1
MUTANT 1|1229ms|1|1|1|1|1|1|1
MUTANT 2|1307ms|1|1|1|1|1|1|1
MUTANT 4|1345ms|1|1|1|1|1|1|1
MUTANT 6|1221ms|1|1|1|1|1|1|1
MUTANT 5|1248ms|1|1|1|1|1|1|1
MUTANT 7|1243ms|1|1|1|1|1|1|1
MUTANT 8|1200ms|1|1|1|1|1|1|1
MUTANT 9|1232ms|1|1|1|1|1|1|1
MUTANT 10|1227ms|1|1|1|1|1|1|1
MUTANT 12|1263ms|1|1|1|1|1|1|1
MUTANT 11|1286ms|1|1|1|1|1|1|1
MUTANT 14|1225ms|1|1|1|1|1|1|1
MUTANT 13|1281ms|1|1|1|1|1|1|1
MUTANT 15|1246ms|1|1|1|1|1|1|1
MUTANT 16|1248ms|1|1|1|1|1|1|1
MUTANT 17|1269ms|1|1|1|1|1|1|1
MUTANT 18|1333ms|1|1|1|1|1|1|1
MUTANT 20|1306ms|1|1|1|1|1|1|1
MUTANT 19|1417ms|1|1|1|1|1|1|1
MUTANT 21|1494ms|1|1|1|1|1|1|1
MUTANT 22|1410ms|1|1|1|1|1|1|1
MUTANT 23|1453ms|1|1|1|1|1|1|1
MUTANT 24|1474ms|1|1|1|1|1|1|1
MUTANT 26|1250ms|1|1|1|1|1|1|1
MUTANT 25|1301ms|1|1|1|1|1|1|1
MUTANT 27|1326ms|1|1|1|1|1|1|1
MUTANT 28|1300ms|1|1|1|1|1|1|1
MUTANT 29|1320ms|1|1|1|1|1|1|1
MUTANT 30|1414ms|1|1|1|1|1|1|1
MUTANT 31|1394ms|1|1|1|1|1|1|1
MUTANT 32|1379ms|1|1|1|1|1|1|1
MUTANT 33|1488ms|1|1|1|1|1|1|1
MUTANT 34|1591ms|1|1|1|1|1|1|1
MUTANT 35|1530ms|1|1|1|1|1|1|1
MUTANT 36|1600ms|1|1|1|1|1|1|1
MUTANT 37|1618ms|1|1|1|1|1|1|1
MUTANT 38|1562ms|1|1|1|1|1|1|1
MUTANT 40|1417ms|1|1|1|1|1|1|1
MUTANT 39|1588ms|1|1|1|1|1|1|1
MUTANT 41|1428ms|1|1|1|1|1|1|1
MUTANT 42|1387ms|1|1|1|1|1|1|1
MUTANT 44|1352ms|1|1|1|1|1|1|1
MUTANT 43|1385ms|1|1|1|1|1|1|1
MUTANT 45|1408ms|1|1|1|1|1|1|1
MUTANT 46|1320ms|1|1|1|1|1|1|1
MUTANT 47|1399ms|1|1|1|1|1|1|1
MUTANT 48|1466ms|1|1|1|1|1|1|1
MUTANT 49|1431ms|1|1|1|1|1|1|1
MUTANT 50|1451ms|1|1|1|1|1|1|1
MUTANT 51|1582ms|1|1|1|1|1|1|1
MUTANT 52|1589ms|1|1|1|1|1|1|1
MUTANT 53|1497ms|1|1|1|1|1|1|1
MUTANT 54|1519ms|1|1|1|1|1|1|1
MUTANT 55|1451ms|1|1|1|1|1|1|1
MUTANT 56|1444ms|1|1|1|1|1|1|1
MUTANT 57|1383ms|1|1|1|1|1|1|1
MUTANT 58|1420ms|1|1|1|1|1|1|1
MUTANT 59|1404ms|1|1|1|1|1|1|1
MUTANT 60|1396ms|1|1|1|1|1|1|1
MUTANT 61|1410ms|1|1|1|1|1|1|1
MUTANT 62|1482ms|1|1|1|1|1|1|1
MUTANT 64|1395ms|1|1|1|1|1|1|1
MUTANT 63|1472ms|1|1|1|1|1|1|1
MUTANT 65|1637ms|1|1|1|1|1|1|1
MUTANT 66|1579ms|1|1|1|1|1|1|1
MUTANT 67|1545ms|1|1|1|1|1|1|1
MUTANT 68|1617ms|1|1|1|1|1|1|1
MUTANT 69|1434ms|1|1|1|1|1|1|1
MUTANT 70|1410ms|1|1|1|1|1|1|1
MUTANT 71|1418ms|1|1|1|1|1|1|1
MUTANT 72|1429ms|1|1|1|1|1|1|1
MUTANT 73|1350ms|1|1|1|1|1|1|1
MUTANT 74|1390ms|1|1|1|1|1|1|1
MUTANT 75|1415ms|1|1|1|1|1|1|1
MUTANT 76|1388ms|1|1|1|1|1|1|1
MUTANT 77|1418ms|1|1|1|1|1|1|1
MUTANT 78|1389ms|1|1|1|1|1|1|1
MUTANT 79|1408ms|1|1|1|1|1|1|1
MUTANT 80|1432ms|1|1|1|1|1|1|1
MUTANT 81|1619ms|1|1|1|1|1|1|1
MUTANT 82|1641ms|1|1|1|1|1|1|1
MUTANT 83|1582ms|1|1|1|1|1|1|1
MUTANT 84|1618ms|1|1|1|1|1|1|1
MUTANT 85|1377ms|1|1|1|1|1|1|1
MUTANT 86|1444ms|1|1|1|1|1|1|1
MUTANT 87|1362ms|1|1|1|1|1|1|1
MUTANT 88|1429ms|1|1|1|1|1|1|1
MUTANT 89|1376ms|1|1|1|1|1|1|1
MUTANT 90|1345ms|1|1|1|1|1|1|1
MUTANT 91|1374ms|1|1|1|1|1|1|1
MUTANT 92|1389ms|1|1|1|1|1|1|1
MUTANT 93|1371ms|1|1|1|1|1|1|1
MUTANT 94|1439ms|1|1|1|1|1|1|1
MUTANT 95|1422ms|1|1|1|1|1|1|1
MUTANT 96|1422ms|1|1|1|1|1|1|1
MUTANT 97|1654ms|1|1|1|1|1|1|1
MUTANT 98|1584ms|1|1|1|1|1|1|1
MUTANT 99|1603ms|1|1|1|1|1|1|1
MUTANT 100|1522ms|1|1|1|1|1|1|1
MUTANT 101|1428ms|1|1|1|1|1|1|1
MUTANT 102|1406ms|1|1|1|1|1|1|1
MUTANT 103|1427ms|1|1|1|1|1|1|1
MUTANT 104|1436ms|1|1|1|1|1|1|1
MUTANT 105|1396ms|1|1|1|1|1|1|1
MUTANT 106|1394ms|1|1|1|1|1|1|1
MUTANT 107|1452ms|1|1|1|1|1|1|1
MUTANT 108|1395ms|1|1|1|1|1|1|1
MUTANT 109|1407ms|1|1|1|1|1|1|1
MUTANT 110|1399ms|1|1|1|1|1|1|1
MUTANT 111|1396ms|1|1|1|1|1|1|1
MUTANT 112|1437ms|1|1|1|1|1|1|1
MUTANT 113|1560ms|1|1|1|1|1|1|1
MUTANT 114|1612ms|1|1|1|1|1|1|1
MUTANT 115|1585ms|1|1|1|1|1|1|1
MUTANT 116|1571ms|1|1|1|1|1|1|1
MUTANT 117|1461ms|1|1|1|1|1|1|1
MUTANT 118|1420ms|1|1|1|1|1|1|1
MUTANT 119|1390ms|1|1|1|1|1|1|1
MUTANT 120|1480ms|1|1|1|1|1|1|1
MUTANT 121|1443ms|1|1|1|1|1|1|1
MUTANT 122|1450ms|1|1|1|1|1|1|1
MUTANT 123|1507ms|1|1|1|1|1|1|1
MUTANT 124|1435ms|1|1|1|1|1|1|1
MUTANT 125|1452ms|1|1|1|1|1|1|1
MUTANT 126|1591ms|1|1|1|1|1|1|1
MUTANT 127|1508ms|1|1|1|1|1|1|1
MUTANT 128|1507ms|1|1|1|1|1|1|1
MUTANT 129|1543ms|1|1|1|1|1|1|1
MUTANT 130|1553ms|1|1|1|1|1|1|1
MUTANT 131|1531ms|1|1|1|1|1|1|1
MUTANT 132|1620ms|1|1|1|1|1|1|1
MUTANT 133|1468ms|1|1|1|1|1|1|1
MUTANT 134|1482ms|1|1|1|1|1|1|1
MUTANT 135|1500ms|1|1|1|1|1|1|1
MUTANT 136|1494ms|1|1|1|1|1|1|1
MUTANT 137|1397ms|1|1|1|1|1|1|1
MUTANT 138|1457ms|1|1|1|1|1|1|1
MUTANT 139|1448ms|1|1|1|1|1|1|1
MUTANT 140|1435ms|1|1|1|1|1|1|1
MUTANT 141|1485ms|1|1|1|1|1|1|1
MUTANT 142|1574ms|1|1|1|1|1|1|1
MUTANT 143|1506ms|1|1|1|1|1|1|1
MUTANT 144|1595ms|1|1|1|1|1|1|1
MUTANT 145|1564ms|1|1|1|1|1|1|1
MUTANT 147|1513ms|1|1|1|1|1|1|1
MUTANT 146|1533ms|1|1|1|1|1|1|1
MUTANT 148|1477ms|1|1|1|1|1|1|1
MUTANT 149|1484ms|1|1|1|1|1|1|1
MUTANT 150|1386ms|1|1|1|1|1|1|1
MUTANT 151|1441ms|1|1|1|1|1|1|1
MUTANT 152|1389ms|1|1|1|1|1|1|1
MUTANT 153|1463ms|1|1|1|1|1|1|1
MUTANT 154|1360ms|1|1|1|1|1|1|1
MUTANT 155|1426ms|1|1|1|1|1|1|1
MUTANT 156|1418ms|1|1|1|1|1|1|1
MUTANT 157|1656ms|1|1|1|1|1|1|1
MUTANT 158|1598ms|1|1|1|1|1|1|1
MUTANT 159|1595ms|1|1|1|1|1|1|1
MUTANT 160|1560ms|1|1|1|1|1|1|1
MUTANT 161|1370ms|1|1|1|1|1|1|1
MUTANT 162|1313ms|1|1|1|1|1|1|1
MUTANT 163|1469ms|1|1|1|1|1|1|1
MUTANT 164|1446ms|1|1|1|1|1|1|1
MUTANT 165|1418ms|1|1|1|1|1|1|1
MUTANT 166|1424ms|1|1|1|1|1|1|1
MUTANT 167|1404ms|1|1|1|1|1|1|1
MUTANT 168|1394ms|1|1|1|1|1|1|1
MUTANT 170|1359ms|1|1|1|1|1|1|1
MUTANT 169|1480ms|1|1|1|1|1|1|1
MUTANT 171|1434ms|1|1|1|1|1|1|1
MUTANT 172|1373ms|1|1|1|1|1|1|1
MUTANT 173|1630ms|1|1|1|1|1|1|1
MUTANT 174|1613ms|1|1|1|1|1|1|1
MUTANT 175|1536ms|1|1|1|1|1|1|1
MUTANT 176|1548ms|1|1|1|1|1|1|1
MUTANT 177|1486ms|1|1|1|1|1|1|1
MUTANT 178|1511ms|1|1|1|1|1|1|1
MUTANT 180|1461ms|1|1|1|1|1|1|1
MUTANT 179|1531ms|1|1|1|1|1|1|1
MUTANT 181|1393ms|1|1|1|1|1|1|1
MUTANT 182|1373ms|1|1|1|1|1|1|1
MUTANT 183|1352ms|1|1|1|1|1|1|1
MUTANT 184|1423ms|1|1|1|1|1|1|1
MUTANT 185|1435ms|1|1|1|1|1|1|1
MUTANT 186|1450ms|1|1|1|1|1|1|1
MUTANT 187|1410ms|1|1|1|1|1|1|1
MUTANT 188|1447ms|1|1|1|1|1|1|1
MUTANT 189|1590ms|1|1|1|1|1|1|1
MUTANT 190|1627ms|1|1|1|1|1|1|1
MUTANT 191|1541ms|1|1|1|1|1|1|1
MUTANT 192|1624ms|1|1|1|1|1|1|1
MUTANT 193|1394ms|1|1|1|1|1|1|1
MUTANT 194|1407ms|1|1|1|1|1|1|1
MUTANT 195|1438ms|1|1|1|1|1|1|1
MUTANT 196|1474ms|1|1|1|1|1|1|1
MUTANT 197|1364ms|1|1|1|1|1|1|1
MUTANT 198|1415ms|1|1|1|1|1|1|1
MUTANT 199|1403ms|1|1|1|1|1|1|1
MUTANT 200|1392ms|1|1|1|1|1|1|1
MUTANT 201|1402ms|1|1|1|1|1|1|1
MUTANT 202|1446ms|1|1|1|1|1|1|1
MUTANT 203|1443ms|1|1|1|1|1|1|1
MUTANT 204|1571ms|1|1|1|1|1|1|1
MUTANT 205|1623ms|1|1|1|1|1|1|1
MUTANT 207|1507ms|1|1|1|1|1|1|1
MUTANT 206|1563ms|1|1|1|1|1|1|1
MUTANT 208|1480ms|1|1|1|1|1|1|1
MUTANT 209|1404ms|1|1|1|1|1|1|1
MUTANT 211|1349ms|1|1|1|1|1|1|1
MUTANT 210|1383ms|1|1|1|1|1|1|1
MUTANT 212|1399ms|1|1|1|1|1|1|1
MUTANT 213|1433ms|1|1|1|1|1|1|1
MUTANT 214|1426ms|1|1|1|1|1|1|1
MUTANT 215|1428ms|1|1|1|1|1|1|1
MUTANT 216|1389ms|1|1|1|1|1|1|1
MUTANT 217|1435ms|1|1|1|1|1|1|1
MUTANT 219|1388ms|1|1|1|1|1|1|1
MUTANT 218|1438ms|1|1|1|1|1|1|1
MUTANT 220|1483ms|1|1|1|1|1|1|1
MUTANT 221|1484ms|1|1|1|1|1|1|1
MUTANT 223|1492ms|1|1|1|1|1|1|1
MUTANT 222|1579ms|1|1|1|1|1|1|1
MUTANT 224|1403ms|1|1|1|1|1|1|1
MUTANT 226|1320ms|1|1|1|1|1|1|1
MUTANT 225|1452ms|1|1|1|1|1|1|1
MUTANT 227|1437ms|1|1|1|1|1|1|1
MUTANT 228|1428ms|1|1|1|1|1|1|1
MUTANT 229|1437ms|1|1|1|1|1|1|1
MUTANT 230|1451ms|1|1|1|1|1|1|1
MUTANT 231|1445ms|1|1|1|1|1|1|1
MUTANT 232|1396ms|1|1|1|1|1|1|1
MUTANT 233|1583ms|1|1|1|1|1|1|1
MUTANT 234|1629ms|1|1|1|1|1|1|1
MUTANT 235|1657ms|1|1|1|1|1|1|1
MUTANT 236|1553ms|1|1|1|1|1|1|1
MUTANT 238|1407ms|1|1|1|1|1|1|1
MUTANT 237|1552ms|1|1|1|1|1|1|1
MUTANT 239|1396ms|1|1|1|1|1|1|1
MUTANT 240|1424ms|1|1|1|1|1|1|1
MUTANT 242|1308ms|1|1|1|1|1|1|1
MUTANT 241|1369ms|1|1|1|1|1|1|1
MUTANT 243|1406ms|1|1|1|1|1|1|1
MUTANT 244|1406ms|1|1|1|1|1|1|1
MUTANT 246|1364ms|1|1|1|1|1|1|1
MUTANT 245|1451ms|1|1|1|1|1|1|1
MUTANT 247|1467ms|1|1|1|1|1|1|1
MUTANT 248|1479ms|1|1|1|1|1|1|1
MUTANT 249|1631ms|1|1|1|1|1|1|1
MUTANT 250|1618ms|1|1|1|1|1|1|1
MUTANT 251|1623ms|1|1|1|1|1|1|1
MUTANT 252|1537ms|1|1|1|1|1|1|1
MUTANT 253|1350ms|1|1|1|1|1|1|1
MUTANT 254|1380ms|1|1|1|1|1|1|1
MUTANT 255|1388ms|1|1|1|1|1|1|1
MUTANT 256|1384ms|1|1|1|1|1|1|1
MUTANT 257|1398ms|1|1|1|1|1|1|1
MUTANT 258|1444ms|1|1|1|1|1|1|1
MUTANT 259|1356ms|1|1|1|1|1|1|1
MUTANT 260|1365ms|1|1|1|1|1|1|1
MUTANT 261|1372ms|1|1|1|1|1|1|1
MUTANT 262|1449ms|1|1|1|1|1|1|1
MUTANT 263|1357ms|1|1|1|1|1|1|1
MUTANT 264|1406ms|1|1|1|1|1|1|1
MUTANT 265|1718ms|1|1|1|1|1|1|1
MUTANT 266|1602ms|1|1|1|1|1|1|1
MUTANT 267|1621ms|1|1|1|1|1|1|1
MUTANT 268|1558ms|1|1|1|1|1|1|1
MUTANT 269|1430ms|1|1|1|1|1|1|1
MUTANT 272|1331ms|1|1|1|1|1|1|1
MUTANT 271|1360ms|1|1|1|1|1|1|1
MUTANT 270|1458ms|1|1|1|1|1|1|1
MUTANT 273|1458ms|1|1|1|1|1|1|1
MUTANT 274|1389ms|1|1|1|1|1|1|1
MUTANT 275|1396ms|1|1|1|1|1|1|1
MUTANT 276|1448ms|1|1|1|1|1|1|1
MUTANT 277|1400ms|1|1|1|1|1|1|1
MUTANT 279|1383ms|1|1|1|1|1|1|1
MUTANT 278|1439ms|1|1|1|1|1|1|1
MUTANT 280|1440ms|1|1|1|1|1|1|1
MUTANT 281|1505ms|1|1|1|1|1|1|1
MUTANT 282|1514ms|1|1|1|1|1|1|1
MUTANT 283|1604ms|1|1|1|1|1|1|1
MUTANT 284|1727ms|1|1|1|1|1|1|1
MUTANT 286|1388ms|1|1|1|1|1|1|1
MUTANT 285|1420ms|1|1|1|1|1|1|1
MUTANT 287|1497ms|1|1|1|1|1|1|1
MUTANT 288|1444ms|1|1|1|1|1|1|1
MUTANT 290|1378ms|1|1|1|1|1|1|1
MUTANT 289|1394ms|1|1|1|1|1|1|1
MUTANT 291|1447ms|1|1|1|1|1|1|1
MUTANT 292|1469ms|1|1|1|1|1|1|1
MUTANT 294|1389ms|1|1|1|1|1|1|1
MUTANT 293|1419ms|1|1|1|1|1|1|1
MUTANT 295|1575ms|1|1|1|1|1|1|1
MUTANT 296|1511ms|1|1|1|1|1|1|1
MUTANT 298|1588ms|1|1|1|1|1|1|1
MUTANT 297|1676ms|1|1|1|1|1|1|1
MUTANT 299|1512ms|1|1|1|1|1|1|1
MUTANT 300|1495ms|1|1|1|1|1|1|1
MUTANT 301|1365ms|1|1|1|1|1|1|1
MUTANT 302|1409ms|1|1|1|1|1|1|1
MUTANT 303|1432ms|1|1|1|1|1|1|1
MUTANT 304|1481ms|1|1|1|1|1|1|1
MUTANT 306|1386ms|1|1|1|1|1|1|1
MUTANT 305|1513ms|1|1|1|1|1|1|1
MUTANT 307|1429ms|1|1|1|1|1|1|1
MUTANT 308|1431ms|1|1|1|1|1|1|1
MUTANT 309|1478ms|1|1|1|1|1|1|1
MUTANT 310|1543ms|1|1|1|1|1|1|1
MUTANT 311|1644ms|1|1|1|1|1|1|1
MUTANT 312|1559ms|1|1|1|1|1|1|1
MUTANT 313|1566ms|1|1|1|1|1|1|1
MUTANT 314|1600ms|1|1|1|1|1|1|1
MUTANT 315|1410ms|1|1|1|1|1|1|1
MUTANT 316|1425ms|1|1|1|1|1|1|1
MUTANT 317|1432ms|1|1|1|1|1|1|1
MUTANT 318|1424ms|1|1|1|1|1|1|1
MUTANT 319|1422ms|1|1|1|1|1|1|1
MUTANT 320|1488ms|1|1|1|1|1|1|1
MUTANT 321|1496ms|1|1|1|1|1|1|1
MUTANT 322|1591ms|1|1|1|1|1|1|1
MUTANT 323|1511ms|1|1|1|1|1|1|1
MUTANT 324|1491ms|1|1|1|1|1|1|1
MUTANT 325|1703ms|1|1|1|1|1|1|1
MUTANT 326|1776ms|1|1|1|1|1|1|1
MUTANT 327|1686ms|1|1|1|1|1|1|1
MUTANT 328|1626ms|1|1|1|1|1|1|1
MUTANT 329|1519ms|1|1|1|1|1|1|1
MUTANT 330|1514ms|1|1|1|1|1|1|1
MUTANT 331|1502ms|1|1|1|1|1|1|1
MUTANT 332|1451ms|1|1|1|1|1|1|1
MUTANT 333|1438ms|1|1|1|1|1|1|1
MUTANT 334|1426ms|1|1|1|1|1|1|1
MUTANT 335|1410ms|1|1|1|1|1|1|1
MUTANT 336|1439ms|1|1|1|1|1|1|1
MUTANT 337|1527ms|1|1|1|1|1|1|1
MUTANT 338|1421ms|1|1|1|1|1|1|1
MUTANT 339|1429ms|1|1|1|1|1|1|1
MUTANT 340|1411ms|1|1|1|1|1|1|1
MUTANT 341|1622ms|1|1|1|1|1|1|1
MUTANT 342|1562ms|1|1|1|1|1|1|1
MUTANT 344|1555ms|1|1|1|1|1|1|1
MUTANT 343|1683ms|1|1|1|1|1|1|1
MUTANT 345|1535ms|1|1|1|1|1|1|1
MUTANT 346|1493ms|1|1|1|1|1|1|1
MUTANT 347|1485ms|1|1|1|1|1|1|1
MUTANT 348|1485ms|1|1|1|1|1|1|1
MUTANT 350|1389ms|1|1|1|1|1|1|1
MUTANT 349|1551ms|1|1|1|1|1|1|1
MUTANT 351|1548ms|1|1|1|1|1|1|1
MUTANT 352|1522ms|1|1|1|1|1|1|1
MUTANT 353|1604ms|1|1|1|1|1|1|1
MUTANT 354|1571ms|1|1|1|1|1|1|1
MUTANT 355|1543ms|1|1|1|1|1|1|1
MUTANT 356|1477ms|1|1|1|1|1|1|1
MUTANT 357|1646ms|1|1|1|1|1|1|1
MUTANT 358|1610ms|1|1|1|1|1|1|1
MUTANT 360|1553ms|1|1|1|1|1|1|1
MUTANT 359|1587ms|1|1|1|1|1|1|1
MUTANT 362|1364ms|1|1|1|1|1|1|1
MUTANT 361|1456ms|1|1|1|1|1|1|1
MUTANT 363|1402ms|1|1|1|1|1|1|1
MUTANT 364|1441ms|1|1|1|1|1|1|1
MUTANT 366|1367ms|1|1|1|1|1|1|1
MUTANT 365|1433ms|1|1|1|1|1|1|1
MUTANT 367|1454ms|1|1|1|1|1|1|1
MUTANT 368|1511ms|1|1|1|1|1|1|1
MUTANT 370|1454ms|1|1|1|1|1|1|1
MUTANT 369|1530ms|1|1|1|1|1|1|1
MUTANT 371|1671ms|1|1|1|1|1|1|1
MUTANT 372|1653ms|1|1|1|1|1|1|1
MUTANT 373|1486ms|1|1|1|1|1|1|1
MUTANT 374|1566ms|1|1|1|1|1|1|1
MUTANT 375|1465ms|1|1|1|1|1|1|1
MUTANT 376|1482ms|1|1|1|1|1|1|1
MUTANT 377|1425ms|1|1|1|1|1|1|1
MUTANT 378|1445ms|1|1|1|1|1|1|1
MUTANT 379|1425ms|1|1|1|1|1|1|1
MUTANT 380|1419ms|1|1|1|1|1|1|1
MUTANT 382|1366ms|1|1|1|1|1|1|1
MUTANT 381|1488ms|1|1|1|1|1|1|1
MUTANT 383|1417ms|1|1|1|1|1|1|1
MUTANT 384|1391ms|1|1|1|1|1|1|1
MUTANT 386|1544ms|1|1|1|1|1|1|1
MUTANT 385|1563ms|1|1|1|1|1|1|1
MUTANT 388|1593ms|1|1|1|1|1|1|1
MUTANT 387|1674ms|1|1|1|1|1|1|1
MUTANT 389|1417ms|1|1|1|1|1|1|1
MUTANT 390|1512ms|1|1|1|1|1|1|1
MUTANT 391|1423ms|1|1|1|1|1|1|1
MUTANT 392|1475ms|1|1|1|1|1|1|1
MUTANT 393|1373ms|1|1|1|1|1|1|1
MUTANT 394|1417ms|1|1|1|1|1|1|1
MUTANT 395|1408ms|1|1|1|1|1|1|1
MUTANT 396|1434ms|1|1|1|1|1|1|1
MUTANT 397|1402ms|1|1|1|1|1|1|1
MUTANT 398|1419ms|1|1|1|1|1|1|1
MUTANT 399|1412ms|1|1|1|1|1|1|1
MUTANT 400|1411ms|1|1|1|1|1|1|1
MUTANT 401|1587ms|1|1|1|1|1|1|1
MUTANT 402|1657ms|1|1|1|1|1|1|1
MUTANT 403|1593ms|1|1|1|1|1|1|1
MUTANT 404|1619ms|1|1|1|1|1|1|1
MUTANT 405|1494ms|1|1|1|1|1|1|1
MUTANT 406|1485ms|1|1|1|1|1|1|1
MUTANT 407|1443ms|1|1|1|1|1|1|1
MUTANT 408|1482ms|1|1|1|1|1|1|1
MUTANT 409|1457ms|1|1|1|1|1|1|1
MUTANT 410|1353ms|1|1|1|1|1|1|1
MUTANT 411|1375ms|1|1|1|1|1|1|1
MUTANT 412|1394ms|1|1|1|1|1|1|1
MUTANT 413|1443ms|1|1|1|1|1|1|1
MUTANT 414|1416ms|1|1|1|1|1|1|1
MUTANT 415|1451ms|1|1|1|1|1|1|1
MUTANT 416|1344ms|1|1|1|1|1|1|1
MUTANT 417|1001ms|1|1|1|1|1|1|1
MUTANT 418|1307ms|1|1|1|1|1|1|1
MUTANT 419|1336ms|1|1|1|1|1|1|1
MUTANT 420|1353ms|1|1|1|1|1|1|1
MUTANT 421|1433ms|1|1|1|1|1|1|1
MUTANT 422|1371ms|1|1|0|1|1|1|1
MUTANT 423|1356ms|1|1|0|1|1|1|1
MUTANT 424|1390ms|1|1|1|1|1|1|1
MUTANT 425|1560ms|1|1|1|1|1|1|1
MUTANT 426|1381ms|-2|-2|-2|-2|-2|-2|-2
MUTANT 427|1417ms|0|0|0|0|0|0|0
MUTANT 428|1420ms|0|0|0|0|0|0|0
MUTANT 430|1576ms|1|1|1|1|1|1|1
MUTANT 431|1531ms|1|1|1|1|1|1|1
MUTANT 434|1229ms|1|1|1|1|1|1|1
MUTANT 433|1245ms|1|0|0|1|1|1|1
MUTANT 436|1334ms|1|1|1|1|1|1|1
MUTANT 435|1422ms|1|1|0|0|0|0|0
MUTANT 437|1508ms|1|1|1|1|1|1|1
MUTANT 438|1405ms|1|1|1|1|1|1|1
MUTANT 439|1600ms|1|1|1|1|1|1|1
MUTANT 440|1426ms|1|1|1|1|1|1|1
MUTANT 441|1649ms|1|1|1|1|1|1|1
MUTANT 442|1605ms|1|1|1|1|0|0|0
MUTANT 443|1569ms|1|1|1|1|0|0|0
MUTANT 444|1582ms|1|1|1|1|1|1|1
MUTANT 445|1538ms|1|1|1|1|1|1|1
MUTANT 446|1407ms|1|1|0|1|1|1|1
MUTANT 447|1440ms|1|1|0|1|1|1|1
MUTANT 448|1442ms|1|1|1|1|1|1|1
MUTANT 449|1453ms|1|1|1|1|1|1|1
MUTANT 450|1480ms|1|1|1|1|1|1|1
MUTANT 451|1421ms|1|1|1|1|1|1|1
MUTANT 452|1438ms|1|1|1|1|1|1|1
MUTANT 453|1430ms|1|1|1|0|1|1|1
MUTANT 454|1417ms|1|1|1|1|1|1|1
MUTANT 455|1427ms|1|1|1|1|0|0|0
MUTANT 456|1417ms|-2|-2|-2|-2|-2|-2|-2
MUTANT 457|1683ms|1|1|0|1|1|1|1
MUTANT 458|1596ms|1|1|0|1|1|1|1
MUTANT 459|1615ms|-2|-2|-2|-2|-2|-2|-2
MUTANT 460|1604ms|1|1|0|1|1|1|1
MUTANT 461|1423ms|0|0|0|0|0|0|0
MUTANT 462|1471ms|0|0|0|0|0|0|0
MUTANT 463|1470ms|1|1|1|1|1|1|1
MUTANT 464|1446ms|1|1|1|1|1|1|1
MUTANT 465|1408ms|1|1|1|1|1|1|1
MUTANT 466|1478ms|1|1|1|1|1|1|1
MUTANT 467|1469ms|1|1|1|1|1|1|1
MUTANT 468|1480ms|1|1|1|1|1|1|1
MUTANT 469|1422ms|1|1|1|1|1|1|1
MUTANT 470|1463ms|1|1|1|1|1|1|1
MUTANT 471|1508ms|1|1|1|1|1|1|1
MUTANT 472|1601ms|1|1|1|1|1|1|1
MUTANT 473|1588ms|1|1|1|1|1|1|1
MUTANT 474|1623ms|1|1|1|1|1|1|1
MUTANT 475|1518ms|1|1|1|1|1|1|1
MUTANT 476|1477ms|1|1|1|1|1|1|1
MUTANT 477|1398ms|1|1|1|1|1|1|1
MUTANT 478|1497ms|1|1|1|1|1|1|1
MUTANT 479|1492ms|1|1|1|1|1|1|1
MUTANT 480|1474ms|1|1|1|1|1|1|1
MUTANT 481|1416ms|1|1|1|1|1|1|1
MUTANT 482|1397ms|1|1|1|1|1|1|1
MUTANT 483|1401ms|1|1|1|1|1|1|1
MUTANT 484|1415ms|1|1|1|1|1|1|1
MUTANT 485|1449ms|1|1|1|1|1|1|1
MUTANT 486|1472ms|1|1|1|1|1|1|1
MUTANT 487|1625ms|1|1|1|1|1|1|1
MUTANT 488|1656ms|1|1|1|1|1|1|1
MUTANT 489|1530ms|1|1|1|1|1|1|1
MUTANT 490|1644ms|0|1|1|0|1|1|1
MUTANT 491|1475ms|0|1|1|0|1|1|1
MUTANT 492|1508ms|0|1|1|0|1|1|1
MUTANT 493|1481ms|0|1|1|0|1|1|1
MUTANT 494|1449ms|1|1|1|1|1|1|1
MUTANT 495|1452ms|1|1|1|1|1|1|1
MUTANT 496|1408ms|1|1|1|1|1|1|1
MUTANT 497|1385ms|1|1|1|1|1|1|1
MUTANT 498|1408ms|1|1|1|1|1|1|1
MUTANT 499|1390ms|1|1|1|1|1|1|1
MUTANT 500|1441ms|1|1|1|1|1|1|1
MUTANT 501|1411ms|1|1|1|1|1|1|1
MUTANT 502|1439ms|1|1|1|1|1|1|1
MUTANT 503|1418ms|1|1|1|1|1|1|1
MUTANT 504|1404ms|1|1|0|1|1|1|1
MUTANT 505|1464ms|1|1|0|1|1|1|1
MUTANT 506|1453ms|1|1|1|1|1|1|1
MUTANT 507|1470ms|1|1|1|1|1|1|1
MUTANT 508|1471ms|1|1|1|1|1|1|1
MUTANT 509|1435ms|1|1|1|1|1|1|1
MUTANT 510|1441ms|1|1|1|1|1|1|1
MUTANT 511|1426ms|1|1|1|1|1|1|1
MUTANT 512|1381ms|-2|-2|-2|-2|-2|-2|-2
MUTANT 513|1457ms|1|1|1|1|1|1|1
MUTANT 514|1467ms|1|1|1|1|1|1|1
MUTANT 515|1440ms|1|1|1|1|1|1|1
MUTANT 516|1433ms|1|1|1|1|1|1|1
MUTANT 517|1484ms|1|1|1|1|1|1|1
MUTANT 518|1468ms|0|0|0|0|0|0|0
MUTANT 519|1489ms|1|1|1|1|1|1|1
MUTANT 520|1498ms|1|1|1|1|1|1|1
MUTANT 521|1446ms|0|0|0|0|0|0|0
MUTANT 522|1473ms|1|1|0|1|1|1|1
MUTANT 523|1455ms|1|1|0|1|1|1|1
MUTANT 524|1441ms|1|1|1|1|1|1|1
MUTANT 525|1536ms|1|1|1|1|1|1|1
MUTANT 526|1471ms|1|1|1|1|1|1|1
MUTANT 527|1467ms|1|1|1|1|1|1|1
MUTANT 528|1543ms|1|1|1|1|1|1|1
MUTANT 529|1480ms|1|1|1|1|1|1|1
MUTANT 530|1356ms|1|1|1|1|1|1|1
MUTANT 531|1449ms|1|1|1|0|1|1|1
MUTANT 532|1474ms|1|1|1|1|1|1|1
MUTANT 533|1470ms|1|1|1|1|1|1|1
MUTANT 534|1454ms|1|1|1|1|1|0|0
MUTANT 535|1480ms|1|1|1|1|0|1|1
MUTANT 536|1423ms|-2|-2|-2|-2|-2|-2|-2
MUTANT 537|1413ms|1|1|0|1|1|1|1
MUTANT 538|1413ms|1|1|0|1|1|1|1
MUTANT 539|1478ms|1|1|1|1|1|1|1
MUTANT 540|1431ms|1|1|0|1|1|1|1
MUTANT 541|1462ms|1|1|1|1|1|1|1
MUTANT 542|1422ms|-2|-2|-2|-2|-2|-2|-2
MUTANT 543|1424ms|-2|-2|-2|-2|-2|-2|-2
MUTANT 544|1363ms|-2|-2|-2|-2|-2|-2|-2
MUTANT 545|1436ms|1|1|1|1|1|1|1
MUTANT 546|1428ms|1|1|1|1|1|1|1
MUTANT 547|1411ms|1|1|1|1|1|1|1
MUTANT 548|1406ms|1|1|1|1|1|1|1
MUTANT 549|1449ms|1|1|1|1|1|1|1
MUTANT 550|1416ms|1|1|1|1|1|1|1
MUTANT 551|1393ms|-2|-2|-2|-2|-2|-2|-2
MUTANT 552|1396ms|1|1|1|0|1|1|1
MUTANT 553|1426ms|1|1|1|1|1|1|1
MUTANT 554|1418ms|1|1|1|1|1|1|1
MUTANT 555|1382ms|1|1|1|1|1|1|1
MUTANT 556|1453ms|0|1|1|0|1|1|1
MUTANT 557|1504ms|0|1|1|0|1|1|1
MUTANT 558|1472ms|1|1|1|1|1|1|1
MUTANT 559|1423ms|1|1|1|1|1|1|1
MUTANT 560|1525ms|0|0|0|0|0|0|0
MUTANT 561|1399ms|0|0|0|0|0|0|0
MUTANT 562|1380ms|0|0|0|0|0|0|0
MUTANT 563|1430ms|1|1|1|1|1|1|1
MUTANT 564|1405ms|1|1|1|1|1|1|1
MUTANT 565|1434ms|1|1|1|1|1|1|1
MUTANT 566|1499ms|1|1|1|1|1|1|1
MUTANT 567|1410ms|1|1|1|1|0|0|0
MUTANT 568|1511ms|1|1|1|1|1|1|1
MUTANT 569|1500ms|1|1|1|1|1|1|1
MUTANT 570|1441ms|1|1|1|1|1|1|1
MUTANT 571|1421ms|1|1|1|1|1|1|1
MUTANT 572|1422ms|1|1|1|1|1|1|1
MUTANT 573|1487ms|1|1|1|1|1|1|1
MUTANT 574|1399ms|1|1|0|1|1|1|1
MUTANT 575|1426ms|1|0|0|1|1|1|1
MUTANT 576|1369ms|1|1|1|1|1|1|1
MUTANT 577|1393ms|1|1|1|1|1|1|1
MUTANT 578|1509ms|1|1|0|1|1|1|1
MUTANT 579|1453ms|1|1|1|1|1|1|1
MUTANT 580|1427ms|-2|-2|-2|-2|-2|-2|-2
MUTANT 581|1434ms|0|0|0|0|0|0|0
MUTANT 582|1473ms|0|0|0|0|0|0|0
MUTANT 583|1521ms|0|1|1|0|1|1|1
MUTANT 584|1492ms|1|1|1|1|0|0|0
MUTANT 585|1465ms|1|1|1|1|1|0|0
MUTANT 586|1403ms|-2|-2|-2|-2|-2|-2|-2
MUTANT 587|1415ms|0|0|0|0|0|0|0
MUTANT 588|1473ms|0|1|1|0|1|1|1
MUTANT 589|1404ms|-2|-2|-2|-2|-2|-2|-2
MUTANT 590|1488ms|-2|-2|-2|-2|-2|-2|-2
MUTANT 591|1515ms|-2|-2|-2|-2|-2|-2|-2
MUTANT 592|1520ms|-2|-2|-2|-2|-2|-2|-2
MUTANT 593|1446ms|0|0|0|0|0|0|0
MUTANT 594|1442ms|1|1|1|1|1|1|1
MUTANT 595|1410ms|0|0|0|0|0|0|0
MUTANT 596|1448ms|0|0|0|0|0|0|0
MUTANT 597|1382ms|-2|-2|-2|-2|-2|-2|-2
MUTANT 598|1400ms|-2|-2|-2|-2|-2|-2|-2
MUTANT 599|1427ms|-2|-2|-2|-2|-2|-2|-2
MUTANT 600|1420ms|-2|-2|-2|-2|-2|-2|-2
MUTANT 601|1422ms|1|1|1|1|1|1|1
MUTANT 602|1405ms|1|1|1|1|1|1|1
MUTANT 603|1430ms|0|1|1|0|1|1|1
MUTANT 604|1421ms|1|1|1|1|1|1|1
MUTANT 605|1378ms|-2|-2|-2|-2|-2|-2|-2
MUTANT 606|1479ms|0|0|0|0|0|0|0
MUTANT 607|1478ms|1|1|1|1|1|1|1
MUTANT 608|1438ms|-2|-2|-2|-2|-2|-2|-2
MUTANT 609|1436ms|-2|-2|-2|-2|-2|-2|-2
MUTANT 610|1479ms|1|1|1|1|1|1|1
MUTANT 611|1453ms|1|1|1|1|1|1|1
MUTANT 612|1442ms|-2|-2|-2|-2|-2|-2|-2
MUTANT 613|1462ms|0|0|0|0|0|0|0
MUTANT 614|1500ms|1|1|1|1|1|1|1
MUTANT 615|1531ms|1|1|1|1|1|1|1
MUTANT 616|1486ms|1|1|1|1|1|1|1
MUTANT 617|1661ms|1|1|1|1|1|1|1
MUTANT 618|1718ms|0|1|1|0|1|1|1
MUTANT 619|1712ms|1|1|1|1|1|1|1
MUTANT 620|1723ms|0|1|1|0|1|1|1
MUTANT 621|1627ms|0|1|1|0|1|1|1
MUTANT 622|1479ms|0|1|1|0|1|1|1
MUTANT 623|1568ms|1|1|1|1|1|1|1
MUTANT 624|1510ms|1|1|1|1|1|1|1
MUTANT 625|1454ms|1|1|1|1|1|1|1
MUTANT 626|1558ms|1|1|1|1|1|1|1
MUTANT 627|1449ms|1|1|1|1|1|1|1
MUTANT 628|1462ms|1|1|1|1|1|1|1
MUTANT 629|1498ms|1|1|1|0|1|1|1
MUTANT 630|1443ms|1|1|1|1|1|1|1
MUTANT 631|1586ms|1|1|1|1|1|1|1
MUTANT 632|1559ms|1|1|1|1|1|1|1
MUTANT 633|1435ms|1|1|1|0|1|1|1
MUTANT 634|1541ms|1|1|1|1|1|1|1
MUTANT 635|1491ms|1|1|1|1|1|1|1
MUTANT 636|1477ms|1|1|1|1|1|1|1
MUTANT 637|1484ms|1|1|1|1|1|1|1
MUTANT 638|1524ms|1|1|1|1|1|1|1
MUTANT 639|1503ms|0|1|1|0|1|1|1
MUTANT 640|1493ms|1|1|1|0|1|1|1
MUTANT 641|1495ms|1|0|0|1|0|0|0
MUTANT 642|1464ms|1|1|0|1|1|1|1
MUTANT 644|1424ms|1|1|1|1|1|1|1
MUTANT 643|1499ms|1|1|1|1|1|1|1
MUTANT 645|1395ms|1|1|1|1|1|1|1
MUTANT 646|1433ms|1|1|1|1|0|0|0
MUTANT 647|1430ms|1|1|1|0|1|1|1
MUTANT 648|1448ms|1|1|1|1|1|1|1
MUTANT 649|1423ms|0|0|0|0|0|0|0
MUTANT 650|1433ms|1|1|1|1|1|1|1
MUTANT 651|1375ms|1|1|1|1|1|1|1
MUTANT 652|1436ms|1|1|1|1|1|1|1
MUTANT 653|1497ms|1|1|1|1|1|1|1
MUTANT 654|1520ms|1|1|1|1|0|0|0
MUTANT 655|1424ms|1|1|1|1|1|1|1
MUTANT 656|1379ms|1|1|1|1|1|1|1
MUTANT 657|1443ms|1|1|1|1|1|1|1
MUTANT 658|1478ms|1|1|1|1|1|1|1
MUTANT 659|1418ms|-2|-2|-2|-2|-2|-2|-2
MUTANT 660|1511ms|-2|-2|-2|-2|-2|-2|-2
MUTANT 661|1506ms|1|1|1|1|1|1|1
MUTANT 663|1391ms|1|1|1|1|1|1|1
MUTANT 662|1433ms|1|1|1|1|1|1|1
MUTANT 664|1494ms|1|1|0|1|1|1|1
MUTANT 665|1566ms|1|0|0|1|1|1|1
MUTANT 666|1429ms|1|1|1|1|1|1|1
MUTANT 667|1420ms|1|1|1|1|1|1|1
MUTANT 668|1521ms|1|1|1|1|1|1|1
MUTANT 669|1501ms|1|1|1|1|1|1|1
MUTANT 670|1529ms|1|1|1|1|1|1|1
MUTANT 671|1586ms|1|1|1|1|1|1|1
MUTANT 672|1557ms|1|1|0|1|1|1|1
MUTANT 673|1497ms|1|1|0|1|1|1|1
MUTANT 675|1370ms|1|1|1|1|1|1|1
MUTANT 674|1455ms|1|1|1|1|1|1|1
MUTANT 676|1435ms|1|1|1|1|1|1|1
MUTANT 677|1440ms|-2|-2|-2|-2|-2|-2|-2
MUTANT 678|1397ms|1|1|1|1|1|1|1
MUTANT 679|1450ms|1|1|1|1|1|1|1
MUTANT 680|1422ms|1|1|1|1|1|1|1
MUTANT 681|1436ms|1|1|1|1|1|1|1
MUTANT 682|1448ms|1|1|1|1|1|1|1
MUTANT 683|1481ms|1|1|1|1|1|1|1
MUTANT 684|1535ms|1|1|1|1|1|1|1
MUTANT 685|1520ms|1|1|1|1|1|1|1
MUTANT 686|1486ms|1|1|1|0|1|1|1
MUTANT 687|1538ms|1|1|1|0|1|1|1
MUTANT 688|1452ms|1|1|1|1|0|1|1
MUTANT 689|1474ms|1|1|1|1|0|1|1
MUTANT 690|1482ms|1|1|1|1|0|1|1
MUTANT 691|1482ms|1|1|1|1|0|1|1
MUTANT 692|1476ms|1|1|0|1|1|1|1
MUTANT 693|1472ms|1|1|0|1|1|1|1
MUTANT 694|1427ms|1|1|1|1|1|1|1
MUTANT 695|1531ms|1|1|1|1|1|1|1
MUTANT 696|1473ms|1|1|1|1|1|1|1
MUTANT 697|1479ms|1|1|1|1|1|1|1
MUTANT 698|1523ms|1|1|1|1|1|1|1
MUTANT 699|1515ms|1|1|1|1|1|1|1
MUTANT 700|1515ms|1|1|1|1|1|1|1
MUTANT 701|1515ms|1|1|1|1|1|1|1
MUTANT 702|1451ms|1|1|1|1|1|1|1
MUTANT 703|1539ms|1|1|1|1|1|1|1
MUTANT 704|1502ms|1|1|0|1|1|1|1
MUTANT 705|1485ms|1|1|1|1|1|1|1
MUTANT 706|1483ms|1|1|0|1|1|1|1
MUTANT 707|1433ms|1|1|1|1|1|1|1
MUTANT 708|1404ms|1|1|1|1|1|1|1
MUTANT 709|1175ms|1|1|1|1|1|1|1
MUTANT 712|1438ms|1|1|1|1|1|1|1
MUTANT 711|1451ms|1|1|1|1|1|1|1
MUTANT 710|1466ms|1|1|1|1|1|1|1
MUTANT 713|1509ms|1|1|1|1|1|1|1
MUTANT 714|1515ms|1|1|1|1|1|1|1
MUTANT 715|1520ms|1|1|1|1|1|1|1
MUTANT 716|1571ms|1|1|1|1|1|1|1
MUTANT 717|1641ms|1|1|1|1|1|1|1
MUTANT 718|1403ms|1|1|1|1|1|1|1
MUTANT 719|1473ms|1|1|1|1|1|1|1
MUTANT 720|1496ms|1|1|1|1|1|1|1
MUTANT 721|1477ms|-2|-2|-2|-2|-2|-2|-2
MUTANT 722|1495ms|1|1|1|1|1|1|1
MUTANT 723|1493ms|0|0|0|0|0|0|0
MUTANT 724|1482ms|1|1|1|1|1|1|1
MUTANT 725|1516ms|1|1|1|1|1|1|1
MUTANT 726|1233ms|1|1|1|1|1|1|1
MUTANT 727|1185ms|1|1|1|1|1|1|1
MUTANT 729|1361ms|1|1|1|1|1|1|1
MUTANT 728|1375ms|1|1|1|1|1|1|1
MUTANT 731|1407ms|1|1|1|1|1|1|1
MUTANT 730|1494ms|1|1|1|1|1|1|1
MUTANT 732|1439ms|1|1|1|1|1|1|1
MUTANT 733|1471ms|1|1|1|1|1|1|1
MUTANT 734|1479ms|1|1|1|1|1|1|1
MUTANT 735|1508ms|1|1|1|1|1|1|1
MUTANT 736|1483ms|1|1|1|1|1|1|1
MUTANT 737|1450ms|1|1|1|1|1|1|1
MUTANT 738|1401ms|1|1|1|1|1|1|1
MUTANT 739|1495ms|1|1|1|1|1|1|1
MUTANT 740|1519ms|1|1|1|1|1|1|1
MUTANT 741|1526ms|1|1|1|1|1|1|1
MUTANT 742|1626ms|1|1|1|1|1|1|1
MUTANT 743|1676ms|1|1|1|1|1|1|1
MUTANT 744|1424ms|1|1|1|1|1|1|1
MUTANT 745|1509ms|1|1|1|1|1|1|1
MUTANT 746|1539ms|1|1|1|1|1|1|1
MUTANT 747|1440ms|1|1|1|1|1|1|1
MUTANT 748|1543ms|1|1|1|1|1|1|1
MUTANT 750|1544ms|1|1|1|1|1|1|1
MUTANT 751|1490ms|1|1|1|1|1|1|1
MUTANT 752|1414ms|1|1|1|1|1|1|1
MUTANT 753|1465ms|1|1|1|1|1|1|1
MUTANT 754|1462ms|1|1|1|1|1|1|1
MUTANT 755|1662ms|1|1|1|1|1|1|1
MUTANT 756|1693ms|1|1|1|1|1|1|1
MUTANT 757|1694ms|1|1|1|1|1|1|1
MUTANT 758|1487ms|1|1|1|1|1|1|1
MUTANT 760|1471ms|1|1|1|1|1|1|1
MUTANT 761|1443ms|1|1|1|1|1|1|1
MUTANT 759|1549ms|1|1|1|1|1|1|1
MUTANT 762|1435ms|1|1|1|1|1|1|1
MUTANT 764|1423ms|1|1|1|1|1|1|1
MUTANT 765|1423ms|1|1|1|1|1|1|1
MUTANT 763|1527ms|1|1|1|1|1|1|1
MUTANT 766|1452ms|1|1|1|1|1|1|1
MUTANT 767|1483ms|1|1|1|1|1|1|1
MUTANT 768|1482ms|1|1|1|1|1|1|1
MUTANT 769|1468ms|1|1|1|1|1|1|1
MUTANT 770|1609ms|1|1|1|1|1|1|1
MUTANT 771|1505ms|1|1|1|1|1|1|1
MUTANT 772|1557ms|1|1|1|1|1|1|1
MUTANT 773|1597ms|1|1|1|1|1|1|1
MUTANT 774|1486ms|1|1|1|1|1|1|1
MUTANT 775|1486ms|1|1|1|1|1|1|1
MUTANT 776|1465ms|1|1|1|1|1|1|1
MUTANT 777|1468ms|1|1|1|1|1|1|1
MUTANT 778|1451ms|1|1|1|1|1|1|1
MUTANT 780|1493ms|1|1|1|1|1|1|1
MUTANT 779|1588ms|1|1|1|1|1|1|1
MUTANT 781|1511ms|1|1|1|1|1|1|1
MUTANT 782|1574ms|1|1|1|1|1|1|1
MUTANT 783|1587ms|1|1|1|1|1|1|1
MUTANT 784|1541ms|1|1|1|1|1|1|1
MUTANT 785|1475ms|1|1|1|1|1|1|1
MUTANT 786|1693ms|1|1|1|1|1|1|1
MUTANT 787|1453ms|1|1|1|1|1|1|1
MUTANT 788|1448ms|1|1|1|1|1|1|1
MUTANT 789|1548ms|1|1|1|1|1|1|1
MUTANT 790|1467ms|1|1|1|1|1|1|1
MUTANT 791|1375ms|1|1|1|1|1|1|1
MUTANT 792|1450ms|1|1|1|1|1|1|1
MUTANT 793|1496ms|1|1|1|1|1|1|1
MUTANT 794|1411ms|1|1|1|1|1|1|1
MUTANT 795|1450ms|1|1|1|1|1|1|1
MUTANT 796|1455ms|1|1|1|1|1|1|1
MUTANT 797|1423ms|1|1|1|1|1|1|1
MUTANT 799|1511ms|1|1|1|1|1|1|1
MUTANT 798|1659ms|1|1|1|1|1|1|1
MUTANT 800|1637ms|1|1|1|1|1|1|1
MUTANT 801|1675ms|1|1|1|1|1|1|1
MUTANT 802|1450ms|1|1|1|1|1|1|1
MUTANT 803|1488ms|1|1|1|1|1|1|1
MUTANT 804|1513ms|1|1|1|1|1|1|1
MUTANT 805|1463ms|1|1|1|1|1|1|1
MUTANT 806|1500ms|1|1|1|1|1|1|1
MUTANT 807|1491ms|1|1|1|1|1|1|1
MUTANT 809|1384ms|1|1|1|1|1|1|1
MUTANT 808|1550ms|1|1|1|1|1|1|1
MUTANT 810|1544ms|1|1|1|1|1|1|1
MUTANT 811|1483ms|1|1|1|1|1|1|1
MUTANT 812|1482ms|1|1|1|1|1|1|1
MUTANT 813|1473ms|1|1|1|1|1|1|1
MUTANT 814|1597ms|1|1|1|1|1|1|1
MUTANT 815|1672ms|1|1|1|1|1|1|1
MUTANT 816|1606ms|1|1|1|1|1|1|1
MUTANT 817|1570ms|1|1|1|1|1|1|1
MUTANT 818|1524ms|1|1|1|1|1|1|1
MUTANT 819|1472ms|1|1|1|1|1|1|1
MUTANT 820|1460ms|1|1|1|1|1|1|1
MUTANT 821|1473ms|1|1|1|1|1|1|1
MUTANT 822|1508ms|1|1|1|1|1|1|1
MUTANT 823|1453ms|1|1|1|1|1|1|1
MUTANT 825|1455ms|1|1|1|1|1|1|1
MUTANT 824|1484ms|1|1|1|1|1|1|1
MUTANT 827|1554ms|1|1|1|1|1|1|1
MUTANT 826|1571ms|1|1|1|1|1|1|1
MUTANT 828|1555ms|1|1|1|1|1|1|1
MUTANT 829|1702ms|1|1|1|1|1|1|1
MUTANT 830|1505ms|1|1|1|1|1|1|1
MUTANT 831|1515ms|1|1|1|1|1|1|1
MUTANT 832|1633ms|1|1|1|1|1|1|1
MUTANT 833|1582ms|1|1|1|1|1|1|1
MUTANT 835|1459ms|1|1|1|1|1|1|1
MUTANT 834|1492ms|1|1|1|1|1|1|1
MUTANT 836|1487ms|1|1|1|1|1|1|1
MUTANT 837|1518ms|1|1|1|1|1|1|1
MUTANT 839|1437ms|1|1|1|1|1|1|1
MUTANT 838|1458ms|1|1|1|1|1|1|1
MUTANT 840|1479ms|1|1|1|1|1|1|1
MUTANT 841|1446ms|1|1|1|1|1|1|1
MUTANT 842|1460ms|1|1|1|1|1|1|1
MUTANT 843|1485ms|1|1|1|1|1|1|1
MUTANT 844|1496ms|1|1|1|1|1|1|1
MUTANT 845|1483ms|1|1|1|1|1|1|1
MUTANT 846|1432ms|1|1|1|1|1|1|1
MUTANT 847|1521ms|1|1|1|1|1|1|1
MUTANT 848|1464ms|1|1|1|1|1|1|1
MUTANT 849|1497ms|1|1|1|1|1|1|1
MUTANT 850|1480ms|1|1|1|1|1|1|1
MUTANT 851|1497ms|1|1|1|1|1|1|1
MUTANT 852|1466ms|1|1|1|1|1|1|1
MUTANT 853|1485ms|1|1|1|1|1|1|1
MUTANT 854|1453ms|1|1|1|1|1|1|1
MUTANT 855|1445ms|1|1|1|1|1|1|1
MUTANT 856|1503ms|1|1|1|1|1|1|1
MUTANT 857|1479ms|1|1|1|1|1|1|1
MUTANT 858|1537ms|1|1|1|1|1|1|1
MUTANT 859|1538ms|1|1|1|1|1|1|1
MUTANT 860|1509ms|1|1|1|1|1|1|1
MUTANT 861|1483ms|1|1|1|1|1|1|1
MUTANT 862|1504ms|1|1|1|1|1|1|1
MUTANT 863|1630ms|1|1|1|1|1|1|1
MUTANT 864|1558ms|1|1|1|1|1|1|1
MUTANT 865|1548ms|1|1|1|1|1|1|1
MUTANT 866|1547ms|1|1|1|1|1|1|1
MUTANT 867|1589ms|1|1|1|1|1|1|1
MUTANT 869|1442ms|1|1|1|1|1|1|1
MUTANT 868|1534ms|1|1|1|1|1|1|1
MUTANT 870|1536ms|1|1|1|1|1|1|1
MUTANT 871|1428ms|1|1|1|1|1|1|1
MUTANT 872|1450ms|1|1|1|1|1|1|1
MUTANT 873|1427ms|1|1|1|1|1|1|1
MUTANT 874|1521ms|1|1|1|1|1|1|1
MUTANT 875|1484ms|1|1|1|1|1|1|1
MUTANT 876|1423ms|1|1|1|1|1|1|1
MUTANT 877|1420ms|1|1|1|1|1|1|1
MUTANT 881|1507ms|1|1|1|1|1|1|1
MUTANT 878|1679ms|1|1|1|1|1|1|1
MUTANT 879|1620ms|1|1|1|1|1|1|1
MUTANT 880|1661ms|1|1|1|1|1|1|1
MUTANT 882|1495ms|1|1|1|1|1|1|1
MUTANT 884|1424ms|1|1|1|1|1|1|1
MUTANT 883|1528ms|1|1|1|1|1|1|1
MUTANT 885|1488ms|1|1|1|1|1|1|1
MUTANT 886|1439ms|1|1|1|1|1|1|1
MUTANT 887|1441ms|1|1|1|1|1|1|1
MUTANT 888|1496ms|1|1|1|1|1|1|1
MUTANT 889|1422ms|1|1|1|1|1|1|1
MUTANT 891|1476ms|1|1|1|1|1|1|1
MUTANT 893|1378ms|1|1|1|1|1|1|1
MUTANT 890|1548ms|1|1|1|1|1|1|1
MUTANT 892|1472ms|1|1|1|1|1|1|1
MUTANT 894|1564ms|1|1|1|1|1|1|1
MUTANT 895|1581ms|1|1|1|1|1|1|1
MUTANT 897|1585ms|1|1|1|1|1|1|1
MUTANT 896|1638ms|1|1|1|1|1|1|1
MUTANT 898|1456ms|1|1|1|1|1|1|1
MUTANT 899|1481ms|1|1|1|1|1|1|1
MUTANT 900|1489ms|1|1|1|1|1|1|1
MUTANT 901|1527ms|1|1|1|1|1|1|1
MUTANT 902|1474ms|1|1|1|1|1|1|1
MUTANT 903|1431ms|1|1|1|1|1|1|1
MUTANT 904|1476ms|1|1|1|1|1|1|1
MUTANT 905|1415ms|1|1|1|1|1|1|1
MUTANT 906|1484ms|1|1|1|1|1|1|1
MUTANT 909|1367ms|1|1|1|1|1|1|1
MUTANT 908|1408ms|1|1|1|1|1|1|1
MUTANT 907|1570ms|1|1|1|1|1|1|1
MUTANT 910|1597ms|1|1|1|1|1|1|1
MUTANT 911|1581ms|1|1|1|1|1|1|1
MUTANT 913|1597ms|1|1|1|1|1|1|1
MUTANT 912|1639ms|1|1|1|1|1|1|1
MUTANT 915|1472ms|1|1|1|1|1|1|1
MUTANT 914|1512ms|1|1|1|1|1|1|1
MUTANT 917|1480ms|1|1|1|1|1|1|1
MUTANT 916|1514ms|1|1|1|1|1|1|1
MUTANT 918|1404ms|1|1|1|1|1|1|1
MUTANT 919|1478ms|1|1|1|1|1|1|1
MUTANT 920|1491ms|1|1|1|1|1|1|1
MUTANT 921|1500ms|1|1|1|1|1|1|1
MUTANT 922|1494ms|1|1|1|1|1|1|1
MUTANT 923|1416ms|1|1|1|1|1|1|1
MUTANT 924|1451ms|1|1|1|1|1|1|1
MUTANT 925|1431ms|1|1|1|1|1|1|1
MUTANT 926|1588ms|1|1|1|1|1|1|1
MUTANT 927|1569ms|1|1|1|1|1|1|1
MUTANT 929|1597ms|1|1|1|1|1|1|1
MUTANT 928|1714ms|1|1|1|1|1|1|1
MUTANT 931|1414ms|1|1|1|1|1|1|1
MUTANT 930|1444ms|1|1|1|1|1|1|1
MUTANT 932|1475ms|1|1|1|1|1|1|1
MUTANT 933|1467ms|1|1|1|1|1|1|1
MUTANT 934|1484ms|1|1|1|1|1|1|1
MUTANT 935|1477ms|1|1|1|1|1|1|1
MUTANT 936|1466ms|1|1|1|1|1|1|1
MUTANT 937|1482ms|1|1|1|1|1|1|1
MUTANT 939|1481ms|1|1|1|1|1|1|1
MUTANT 938|1512ms|1|1|1|1|1|1|1
MUTANT 940|1689ms|1|1|1|1|1|1|1
MUTANT 941|1680ms|1|1|1|1|1|1|1
MUTANT 942|1528ms|1|1|1|1|1|1|1
MUTANT 943|1581ms|1|1|1|1|1|1|1
MUTANT 944|1550ms|1|1|1|1|1|1|1
MUTANT 945|1519ms|1|1|1|1|1|1|1
MUTANT 946|1491ms|1|1|1|1|1|1|1
MUTANT 947|1491ms|1|1|1|1|1|1|1
MUTANT 948|1459ms|1|1|1|1|1|1|1
MUTANT 949|1462ms|1|1|1|1|1|1|1
MUTANT 950|1480ms|1|1|1|1|1|1|1
MUTANT 951|1514ms|1|1|1|1|1|1|1
MUTANT 952|1504ms|1|1|1|1|1|1|1
MUTANT 953|1491ms|1|1|1|1|1|1|1
MUTANT 954|1643ms|1|1|1|1|1|1|1
MUTANT 955|1706ms|1|1|1|1|1|1|1
MUTANT 957|1543ms|1|1|1|1|1|1|1
MUTANT 956|1665ms|1|1|1|1|1|1|1
MUTANT 958|1537ms|1|1|1|1|1|1|1
MUTANT 959|1597ms|1|1|1|1|1|1|1
MUTANT 960|1506ms|1|1|1|1|1|1|1
MUTANT 961|1533ms|1|1|1|1|1|1|1
MUTANT 962|1474ms|1|1|1|1|1|1|1
MUTANT 963|1480ms|1|1|1|1|1|1|1
MUTANT 964|1473ms|1|1|1|1|1|1|1
MUTANT 965|1494ms|1|1|1|1|1|1|1
MUTANT 966|1493ms|1|1|1|1|1|1|1
MUTANT 967|1509ms|1|1|1|1|1|1|1
MUTANT 968|1474ms|1|1|1|1|1|1|1
MUTANT 969|1448ms|1|1|1|1|1|1|1
MUTANT 970|1641ms|1|1|1|1|1|1|1
MUTANT 971|1654ms|1|1|1|1|1|1|1
MUTANT 972|1680ms|1|1|1|1|1|1|1
MUTANT 973|1672ms|1|1|1|1|1|1|1
MUTANT 974|1409ms|1|1|1|1|1|1|1
MUTANT 975|1482ms|1|1|1|1|1|1|1
MUTANT 976|1441ms|1|1|1|1|1|1|1
MUTANT 977|1467ms|1|1|1|1|1|1|1
MUTANT 978|1466ms|1|1|1|1|1|1|1
MUTANT 979|1469ms|1|1|1|1|1|1|1
MUTANT 980|1464ms|1|1|1|1|1|1|1
MUTANT 981|1530ms|1|1|1|1|1|1|1
MUTANT 982|1471ms|1|1|1|1|1|1|1
MUTANT 983|1615ms|1|1|1|1|1|1|1
MUTANT 984|1618ms|1|1|1|1|1|1|1
MUTANT 985|1686ms|1|1|1|1|1|1|1
MUTANT 986|1681ms|1|1|1|1|1|1|1
MUTANT 987|1516ms|1|1|1|1|1|1|1
MUTANT 988|1534ms|1|1|1|1|1|1|1
MUTANT 989|1501ms|1|1|1|1|1|1|1
MUTANT 990|1445ms|1|1|1|1|1|1|1
MUTANT 991|1450ms|1|1|1|1|1|1|1
MUTANT 992|1443ms|1|1|1|1|1|1|1
MUTANT 993|1400ms|1|1|1|1|1|1|1
MUTANT 994|1545ms|1|1|1|1|1|1|1
MUTANT 996|1445ms|1|1|1|1|1|1|1
MUTANT 995|1504ms|1|1|1|1|1|1|1
MUTANT 997|1461ms|1|1|1|1|1|1|1
MUTANT 998|1676ms|1|1|1|1|1|1|1
MUTANT 999|1566ms|1|1|1|1|1|1|1
MUTANT 1000|1599ms|1|1|1|1|1|1|1
MUTANT 1001|1708ms|1|1|1|1|1|1|1
MUTANT 1002|1479ms|1|1|1|1|1|1|1
MUTANT 1003|1529ms|1|1|1|1|1|1|1
MUTANT 1004|1494ms|1|1|1|1|1|1|1
MUTANT 1005|1428ms|1|1|1|1|1|1|1
MUTANT 1006|1464ms|1|1|1|1|1|1|1
MUTANT 1008|1470ms|1|1|1|1|1|1|1
MUTANT 1007|1503ms|1|1|1|1|1|1|1
MUTANT 1009|1519ms|1|1|1|1|1|1|1
MUTANT 1010|1527ms|1|1|1|1|1|1|1
MUTANT 1012|1442ms|1|1|1|1|1|1|1
MUTANT 1011|1463ms|1|1|1|1|1|1|1
MUTANT 1013|1508ms|1|1|1|1|1|1|1
MUTANT 1014|1622ms|1|1|1|1|1|1|1
MUTANT 1016|1547ms|1|1|1|1|1|1|1
MUTANT 1015|1625ms|1|1|1|1|1|1|1
MUTANT 1017|1646ms|1|1|1|1|1|1|1
MUTANT 1019|1453ms|1|1|1|1|1|1|1
MUTANT 1018|1484ms|1|1|1|1|1|1|1
MUTANT 1020|1494ms|1|1|1|1|1|1|1
MUTANT 1021|1447ms|1|1|1|1|1|1|1
MUTANT 1023|1429ms|1|1|1|1|1|1|1
MUTANT 1022|1490ms|1|1|1|1|1|1|1
MUTANT 1024|1512ms|1|1|1|1|1|1|1
MUTANT 1025|1529ms|1|1|1|1|1|1|1
MUTANT 1026|1473ms|1|1|1|1|1|1|1
MUTANT 1027|1450ms|1|1|1|1|1|1|1
MUTANT 1028|1509ms|1|1|1|1|1|1|1
MUTANT 1029|1496ms|1|1|1|1|1|1|1
MUTANT 1031|1543ms|1|1|1|1|1|1|1
MUTANT 1030|1618ms|1|1|1|1|1|1|1
MUTANT 1032|1708ms|1|1|1|1|1|1|1
MUTANT 1033|1578ms|1|1|1|1|1|1|1
MUTANT 1034|1407ms|1|1|1|1|1|1|1
MUTANT 1035|1515ms|1|1|1|1|1|1|1
MUTANT 1036|1571ms|1|1|1|1|1|1|1
MUTANT 1037|1514ms|1|1|1|1|1|1|1
MUTANT 1038|1560ms|1|1|1|1|1|1|1
MUTANT 1039|1504ms|1|1|1|1|1|1|1
MUTANT 1040|1486ms|1|1|1|1|1|1|1
MUTANT 1041|1506ms|1|1|1|1|1|1|1
MUTANT 1042|1520ms|1|1|1|1|1|1|1
MUTANT 1043|1531ms|1|1|1|1|1|1|1
MUTANT 1044|1677ms|1|1|1|1|1|1|1
MUTANT 1045|1573ms|1|1|1|1|1|1|1
MUTANT 1046|1592ms|1|1|1|1|1|1|1
MUTANT 1047|1567ms|1|1|1|1|1|1|1
MUTANT 1048|1461ms|1|1|1|1|1|1|1
MUTANT 1049|1459ms|1|1|1|1|1|1|1
MUTANT 1050|1504ms|1|1|1|1|1|1|1
MUTANT 1051|1586ms|1|1|1|1|1|1|1
MUTANT 1052|1491ms|1|1|1|1|1|1|1
MUTANT 1053|1510ms|1|1|1|1|1|1|1
MUTANT 1054|1507ms|1|1|1|1|1|1|1
MUTANT 1055|1469ms|1|1|1|1|1|1|1
MUTANT 1056|1418ms|1|1|1|1|1|1|1
MUTANT 1057|1411ms|1|1|1|1|1|1|1
MUTANT 1058|1664ms|1|1|1|1|1|1|1
MUTANT 1059|1617ms|1|1|1|1|1|1|1
MUTANT 1061|1597ms|1|1|1|1|1|1|1
MUTANT 1060|1651ms|1|1|1|1|1|1|1
MUTANT 1062|1511ms|1|1|1|1|1|1|1
MUTANT 1063|1534ms|1|1|1|1|1|1|1
MUTANT 1064|1539ms|1|1|1|1|1|1|1
MUTANT 1065|1516ms|1|1|1|1|1|1|1
MUTANT 1066|1607ms|1|1|1|1|1|1|1
MUTANT 1067|1625ms|1|1|1|1|1|1|1
MUTANT 1069|1578ms|1|1|1|1|1|1|1
MUTANT 1068|1610ms|1|1|1|1|1|1|1
MUTANT 1070|1457ms|1|1|1|1|1|1|1
MUTANT 1071|1486ms|1|1|1|1|1|1|1
MUTANT 1073|1428ms|1|1|1|1|1|1|1
MUTANT 1072|1479ms|1|1|1|1|1|1|1
MUTANT 1074|1654ms|1|1|1|1|1|1|1
MUTANT 1075|1685ms|1|1|1|1|1|1|1
MUTANT 1076|1669ms|1|1|1|1|1|1|1
MUTANT 1077|1650ms|1|1|1|1|1|1|1
MUTANT 1078|1484ms|1|1|1|1|1|1|1
MUTANT 1079|1562ms|1|1|1|1|1|1|1
MUTANT 1080|1449ms|1|1|1|1|1|1|1
MUTANT 1081|1526ms|1|1|1|1|1|1|1
MUTANT 1082|1550ms|1|1|1|1|1|1|1
MUTANT 1084|1464ms|1|1|1|1|1|1|1
MUTANT 1083|1569ms|1|1|1|1|1|1|1
MUTANT 1085|1485ms|1|1|1|1|1|1|1
MUTANT 1086|1506ms|1|1|1|1|1|1|1
MUTANT 1088|1598ms|1|1|1|1|1|1|1
MUTANT 1087|1682ms|1|1|1|1|1|1|1
MUTANT 1089|1682ms|1|1|1|1|1|1|1
MUTANT 1090|1538ms|1|1|1|1|1|1|1
MUTANT 1092|1477ms|1|1|1|1|1|1|1
MUTANT 1091|1559ms|1|1|1|1|1|1|1
MUTANT 1093|1563ms|1|1|1|1|1|1|1
MUTANT 1094|1464ms|1|1|1|1|1|1|1
MUTANT 1095|1470ms|1|1|1|1|1|1|1
MUTANT 1096|1426ms|1|1|1|1|1|1|1
MUTANT 1097|1692ms|0|1|1|0|1|1|1
MUTANT 1098|1441ms|1|1|1|1|1|1|1
MUTANT 1100|1398ms|1|1|1|1|1|1|1
MUTANT 1099|1433ms|1|1|1|1|1|1|1
MUTANT 1101|1512ms|1|1|1|1|1|1|1
MUTANT 1102|1686ms|1|1|1|1|1|1|1
MUTANT 1103|1664ms|1|1|1|1|1|1|1
MUTANT 1104|1658ms|1|1|1|1|1|1|1
MUTANT 1105|1706ms|1|1|1|1|1|1|1
MUTANT 1106|1472ms|1|1|1|1|1|1|1
MUTANT 1107|1453ms|1|1|1|1|1|1|1
MUTANT 1108|1453ms|1|1|1|1|1|1|1
MUTANT 1109|1435ms|1|1|1|1|1|1|1
MUTANT 1110|1521ms|1|1|1|1|1|1|1
MUTANT 1112|1374ms|1|1|1|1|1|1|1
MUTANT 1111|1506ms|1|1|1|1|1|1|1
MUTANT 1113|1484ms|1|1|1|1|1|1|1
MUTANT 1114|1527ms|1|1|1|1|1|1|1
MUTANT 1115|1521ms|1|1|1|1|1|1|1
MUTANT 1116|1463ms|1|1|1|1|1|1|1
MUTANT 1117|1565ms|1|1|1|1|1|1|1
MUTANT 1118|1471ms|1|1|1|1|1|1|1
MUTANT 1119|1466ms|1|1|1|1|1|1|1
MUTANT 1120|1418ms|1|1|1|1|1|1|1
MUTANT 1121|1498ms|1|1|1|1|1|1|1
MUTANT 1122|1537ms|1|1|1|1|1|1|1
MUTANT 1123|1496ms|1|1|1|1|1|1|1
MUTANT 1124|1492ms|1|1|1|1|1|1|1
MUTANT 1125|1489ms|1|1|1|1|1|1|1
MUTANT 1126|1498ms|1|1|1|1|1|1|1
MUTANT 1127|1445ms|1|1|1|1|1|1|1
MUTANT 1128|1477ms|1|1|1|1|1|1|1
MUTANT 1129|1483ms|1|1|1|1|1|1|1
MUTANT 1131|1443ms|1|1|1|1|1|1|1
MUTANT 1130|1459ms|1|1|1|1|1|1|1
MUTANT 1132|1518ms|1|1|1|1|1|1|1
MUTANT 1133|1440ms|1|1|1|1|1|1|1
MUTANT 1135|1428ms|1|1|1|1|1|1|1
MUTANT 1134|1460ms|1|1|1|1|1|1|1
MUTANT 1136|1517ms|1|1|1|1|1|1|1
MUTANT 1137|1436ms|1|1|1|1|1|1|1
MUTANT 1138|1432ms|1|1|1|1|1|1|1
MUTANT 1139|1416ms|1|1|1|1|1|1|1
MUTANT 1140|1475ms|1|1|1|1|1|1|1
MUTANT 1141|1470ms|1|1|1|1|1|1|1
MUTANT 1142|1446ms|1|1|1|1|1|1|1
MUTANT 1143|1450ms|1|1|1|1|1|1|1
MUTANT 1144|1567ms|1|1|1|1|1|1|1
MUTANT 1145|1506ms|1|1|1|1|1|1|1
MUTANT 1147|1465ms|1|1|1|1|1|1|1
MUTANT 1146|1486ms|1|1|1|1|1|1|1
MUTANT 1148|1474ms|1|1|1|1|1|1|1
MUTANT 1149|1501ms|1|1|1|1|1|1|1
MUTANT 1151|1451ms|1|1|1|1|1|1|1
MUTANT 1150|1492ms|1|1|1|1|1|1|1
MUTANT 1152|1465ms|1|1|1|1|1|1|1
MUTANT 1153|1478ms|1|1|1|1|1|1|1
MUTANT 1154|1479ms|1|1|1|1|1|1|1
MUTANT 1155|1466ms|1|1|1|1|1|1|1
MUTANT 1156|1486ms|1|1|1|1|1|1|1
MUTANT 1157|1563ms|1|1|1|1|1|1|1
MUTANT 1158|1428ms|1|1|1|1|1|1|1
MUTANT 1159|1426ms|1|1|1|1|1|1|1
MUTANT 1160|1401ms|1|1|1|1|1|1|1
MUTANT 1161|1563ms|1|1|1|1|1|1|1
MUTANT 1163|1420ms|1|1|1|1|1|1|1
MUTANT 1162|1444ms|1|1|1|1|1|1|1
MUTANT 1164|1427ms|1|1|1|1|1|1|1
MUTANT 1165|1482ms|1|1|1|1|1|1|1
MUTANT 1166|1435ms|1|1|1|1|1|1|1
MUTANT 1167|1499ms|1|1|1|1|1|1|1
MUTANT 1168|1591ms|1|1|1|1|1|1|1
MUTANT 1169|1484ms|1|1|1|1|1|1|1
MUTANT 1170|1467ms|1|1|1|1|1|1|1
MUTANT 1171|1505ms|1|1|1|1|1|1|1
MUTANT 1172|1437ms|1|1|1|1|1|1|1
MUTANT 1173|1496ms|1|1|1|1|1|1|1
MUTANT 1174|1455ms|1|1|1|1|1|1|1
MUTANT 1175|1475ms|1|1|1|1|1|1|1
MUTANT 1176|1460ms|1|1|1|1|1|1|1
MUTANT 1177|1488ms|1|1|1|1|1|1|1
MUTANT 1178|1507ms|1|1|1|1|1|1|1
MUTANT 1179|1465ms|1|1|1|1|1|1|1
MUTANT 1180|1425ms|1|1|1|1|1|1|1
MUTANT 1181|1519ms|1|1|1|1|1|1|1
MUTANT 1182|1475ms|1|1|1|1|1|1|1
MUTANT 1183|1555ms|1|1|1|1|1|1|1
MUTANT 1184|1456ms|1|1|1|1|1|1|1
MUTANT 1185|1510ms|1|1|1|1|1|1|1
MUTANT 1186|1464ms|1|1|1|1|1|1|1
MUTANT 1187|1501ms|1|1|1|1|1|1|1
MUTANT 1188|1407ms|-2|-2|-2|-2|-2|-2|-2
MUTANT 1189|1517ms|-2|-2|-2|-2|-2|-2|-2
MUTANT 1190|1615ms|1|1|1|1|1|1|1
MUTANT 1191|1537ms|-2|-2|-2|-2|-2|-2|-2
MUTANT 1192|1567ms|-2|-2|-2|-2|-2|-2|-2
MUTANT 1193|1579ms|-2|-2|-2|-2|-2|-2|-2
MUTANT 1194|1525ms|-2|-2|-2|-2|-2|-2|-2
MUTANT 1195|1549ms|1|1|1|1|1|1|1
MUTANT 1196|1590ms|1|1|1|1|1|1|1
MUTANT 1197|1449ms|-2|-2|-2|-2|-2|-2|-2
MUTANT 1198|1483ms|1|1|1|1|1|1|1
MUTANT 1199|1545ms|1|1|1|1|1|1|1
MUTANT 1200|1537ms|1|1|1|1|1|1|1
MUTANT 1201|1488ms|1|1|1|1|1|1|1
MUTANT 1202|1523ms|1|1|1|1|1|1|1
MUTANT 1203|1462ms|1|1|1|1|1|1|1
MUTANT 1204|1484ms|1|1|1|1|1|1|1
MUTANT 1205|1464ms|1|1|1|1|1|1|1
MUTANT 1206|1514ms|1|1|1|1|1|1|1
MUTANT 1207|1508ms|1|1|1|1|1|1|1
MUTANT 1208|1517ms|1|1|1|1|1|1|1
MUTANT 1209|1518ms|1|1|1|1|1|1|1
MUTANT 1210|1485ms|0|0|0|0|0|0|0
MUTANT 1211|1462ms|-2|-2|-2|-2|-2|-2|-2
MUTANT 1212|1516ms|-2|-2|-2|-2|-2|-2|-2
MUTANT 1213|1471ms|1|1|1|1|1|1|1
MUTANT 1214|1472ms|1|1|1|1|1|1|1
MUTANT 1215|1526ms|1|1|1|1|1|1|1
MUTANT 1216|1468ms|1|1|1|1|1|1|1
MUTANT 1217|1490ms|1|1|1|1|1|1|1
MUTANT 1218|1439ms|1|1|1|1|1|1|1
MUTANT 1219|1493ms|0|1|1|0|1|1|1
MUTANT 1220|1435ms|1|1|1|1|1|1|1
MUTANT 1221|1550ms|-2|-2|-2|-2|-2|-2|-2
MUTANT 1222|1519ms|0|0|0|0|0|0|0
MUTANT 1223|1625ms|-2|-2|-2|-2|-2|-2|-2
MUTANT 1224|1607ms|-2|-2|-2|-2|-2|-2|-2
MUTANT 1225|1635ms|1|1|1|1|1|1|1
MUTANT 1226|1606ms|-2|-2|-2|-2|-2|-2|-2
MUTANT 1227|1558ms|-2|-2|-2|-2|-2|-2|-2
MUTANT 1228|1529ms|0|1|1|0|1|1|1
MUTANT 1229|1509ms|-2|-2|-2|-2|-2|-2|-2
MUTANT 1230|1469ms|-2|-2|-2|-2|-2|-2|-2
MUTANT 1231|1425ms|-2|-2|-2|-2|-2|-2|-2
MUTANT 1232|1435ms|-2|-2|-2|-2|-2|-2|-2
MUTANT 1233|1462ms|1|1|1|1|1|1|1
MUTANT 1234|1498ms|1|1|1|1|1|1|1
MUTANT 1235|1445ms|0|0|0|0|0|0|0
MUTANT 1236|1456ms|1|1|1|0|1|1|1
MUTANT 1237|1500ms|1|1|1|0|1|1|1
MUTANT 1238|1544ms|1|1|1|1|1|1|1
MUTANT 1239|1548ms|0|1|1|0|1|1|1
MUTANT 1240|1553ms|-2|-2|-2|-2|-2|-2|-2
MUTANT 1241|1671ms|-2|-2|-2|-2|-2|-2|-2
MUTANT 1242|1608ms|0|0|0|0|0|0|0
MUTANT 1243|1510ms|0|0|0|0|0|0|0
MUTANT 1244|1555ms|1|1|1|1|1|1|1
MUTANT 1245|1425ms|1|1|1|1|1|1|1
MUTANT 1246|1574ms|1|1|1|1|1|1|1
MUTANT 1247|1549ms|1|1|1|1|1|1|1
MUTANT 1248|1538ms|1|1|1|1|1|1|1
MUTANT 1249|1557ms|1|1|1|1|1|1|1
MUTANT 1250|1637ms|1|1|1|1|1|1|1
MUTANT 1251|1575ms|1|1|1|1|1|1|1
MUTANT 1252|1572ms|1|1|1|1|1|1|1
MUTANT 1253|2042ms|1|1|1|1|1|1|1
MUTANT 1254|1790ms|0|1|1|0|1|1|1
MUTANT 1255|1758ms|1|1|1|1|1|1|1
MUTANT 1256|1901ms|1|1|1|1|1|1|1
MUTANT 1257|1574ms|1|1|1|1|1|1|1
MUTANT 1258|1556ms|1|1|1|1|1|1|1
MUTANT 1259|1659ms|1|1|1|1|1|1|1
MUTANT 1260|1515ms|1|1|1|1|1|1|1
MUTANT 1261|1481ms|1|1|1|1|1|1|1
MUTANT 1262|1427ms|1|1|1|1|1|1|1
MUTANT 1263|1494ms|1|1|1|1|1|1|1
MUTANT 1264|1444ms|1|1|1|1|1|1|1
MUTANT 1265|1447ms|1|1|1|1|1|1|1
MUTANT 1266|1452ms|1|1|1|1|1|1|1
MUTANT 1267|1505ms|1|1|1|0|1|1|1
MUTANT 1268|1518ms|0|0|0|0|0|0|0
MUTANT 1269|1598ms|1|1|1|1|1|1|1
MUTANT 1270|1668ms|-2|-2|-2|-2|-2|-2|-2
MUTANT 1271|1674ms|1|1|1|1|1|1|1
MUTANT 1272|1680ms|1|1|1|1|1|1|1
MUTANT 1273|1489ms|1|1|1|1|1|1|1
MUTANT 1274|1517ms|0|1|1|0|1|1|1
MUTANT 1275|1460ms|1|1|1|1|1|1|1
MUTANT 1276|1469ms|-2|-2|-2|-2|-2|-2|-2
MUTANT 1277|1468ms|1|1|1|1|1|1|1
MUTANT 1278|1453ms|1|1|1|1|1|1|1
MUTANT 1279|1464ms|1|1|1|1|1|1|1
MUTANT 1280|1461ms|1|1|1|1|1|1|1
MUTANT 1282|1462ms|1|1|1|1|1|1|1
MUTANT 1281|1595ms|1|1|1|1|1|1|1
MUTANT 1284|1566ms|1|1|1|1|1|1|1
MUTANT 1283|1663ms|1|1|1|1|1|1|1
MUTANT 1285|1579ms|1|1|1|1|1|1|1
MUTANT 1286|1646ms|1|1|1|1|1|1|1
MUTANT 1288|1506ms|1|1|1|1|1|1|1
MUTANT 1287|1558ms|1|1|1|1|1|1|1
MUTANT 1289|1480ms|1|1|1|1|1|1|1
MUTANT 1290|1507ms|1|1|1|1|1|1|1
MUTANT 1291|1456ms|1|1|1|1|1|1|1
MUTANT 1292|1443ms|1|1|1|1|1|1|1
MUTANT 1293|1415ms|1|1|1|1|1|1|1
MUTANT 1294|1534ms|1|1|1|1|1|1|1
MUTANT 1295|1445ms|1|1|1|1|1|1|1
MUTANT 1296|1445ms|1|1|1|1|1|1|1
MUTANT 1297|1741ms|1|1|1|1|1|1|1
MUTANT 1300|1538ms|1|1|1|1|1|1|1
MUTANT 1299|1547ms|1|1|1|1|1|1|1
MUTANT 1298|1658ms|1|1|1|1|1|1|1
MUTANT 1301|909ms|1|1|1|1|1|1|1
